{"HitboxCounter":0,"Hitboxes":[],"HurtboxCounter":3,"Hurtboxes":[{"ID":"hurtbox_0","cX":344.0,"cY":430.0,"h":3.4700000286102295,"iH":347.0,"iW":132.0,"iX":155.0,"iY":722.0,"oX":189.0,"oY":-292.0,"w":1.3200000524520874,"x":-1.7899999618530273,"y":-3.4549999237060547},{"ID":"hurtbox_1","cX":250.0,"cY":281.0,"h":1.7699999809265137,"iH":177.0,"iW":167.0,"iX":61.0,"iY":573.0,"oX":189.0,"oY":-292.0,"w":1.6699999570846558,"x":-2.555000066757202,"y":-1.1150000095367432},{"ID":"hurtbox_2","cX":242.0,"cY":148.0,"h":1.4800000190734863,"iH":148.0,"iW":136.0,"iX":53.0,"iY":440.0,"oX":189.0,"oY":-292.0,"w":1.3600000143051147,"x":-2.7899999618530273,"y":0.36000001430511475}],"Name":"Ryu-High-Kick-1.png"}
