{"HitboxCounter":3,"Hitboxes":[{"ID":"hitbox_0","cX":485.0,"cY":233.0,"h":1.7699999809265137,"iH":177.0,"iW":102.0,"iX":296.0,"iY":410.0,"oX":189.0,"oY":-177.0,"w":1.0199999809265137,"x":-0.5299999713897705,"y":0.5149999856948853},{"ID":"hitbox_1","cX":533.0,"cY":50.0,"h":1.5099999904632568,"iH":151.0,"iW":81.0,"iX":344.0,"iY":227.0,"oX":189.0,"oY":-177.0,"w":0.8100000023841858,"x":-0.1550000011920929,"y":2.4749999046325684},{"ID":"hitbox_2","cX":517.0,"cY":173.0,"h":0.8500000238418579,"iH":85.0,"iW":95.0,"iX":328.0,"iY":350.0,"oX":189.0,"oY":-177.0,"w":0.949999988079071,"x":-0.24500000476837158,"y":1.5750000476837158}],"HurtboxCounter":2,"Hurtboxes":[{"ID":"hurtbox_0","cX":434.0,"cY":313.0,"h":4.829999923706055,"iH":483.0,"iW":106.0,"iX":245.0,"iY":592.0,"oX":189.0,"oY":-279.0,"w":1.059999942779541,"x":-1.0199999809265137,"y":-2.8350000381469727},{"ID":"hurtbox_1","cX":377.0,"cY":179.0,"h":2.2300000190734863,"iH":223.0,"iW":98.0,"iX":188.0,"iY":356.0,"oX":189.0,"oY":-177.0,"w":0.9800000190734863,"x":-1.6299999952316284,"y":0.824999988079071}],"Name":"Ryu-Heavy-Kick-Walking-3.png"}
