{"HitboxCounter":1,"Hitboxes":[{"ID":"hitbox_0","cX":281.0,"cY":288.0,"h":1.5,"iH":150.0,"iW":203.0,"iX":92.0,"iY":386.0,"oX":189.0,"oY":-98.0,"w":2.0299999713897705,"x":-2.065000057220459,"y":0.8899999856948853}],"HurtboxCounter":2,"Hurtboxes":[{"ID":"hurtbox_0","cX":352.0,"cY":444.0,"h":2.700000047683716,"iH":270.0,"iW":113.0,"iX":163.0,"iY":542.0,"oX":189.0,"oY":-98.0,"w":1.1299999952316284,"x":-1.8049999475479126,"y":-1.2699999809265137},{"ID":"hurtbox_1","cX":258.0,"cY":55.0,"h":2.4100000858306885,"iH":241.0,"iW":184.0,"iX":69.0,"iY":153.0,"oX":189.0,"oY":-98.0,"w":1.840000033378601,"x":-2.390000104904175,"y":2.765000104904175}],"Name":"Ryu-Tatsu-4.png"}
