{"HitboxCounter":0,"Hitboxes":[],"HurtboxCounter":2,"Hurtboxes":[{"ID":"hurtbox_0","cX":232.0,"cY":410.0,"h":3.75,"iH":375.0,"iW":238.0,"iX":43.0,"iY":702.0,"oX":189.0,"oY":-292.0,"w":2.380000114440918,"x":-2.380000114440918,"y":-3.3949999809265137},{"ID":"hurtbox_1","cX":189.0,"cY":221.0,"h":1.7899999618530273,"iH":179.0,"iW":198.0,"iX":0.0,"iY":513.0,"oX":189.0,"oY":-292.0,"w":1.9800000190734863,"x":-3.009999990463257,"y":-0.5249999761581421}],"Name":"Ryu-High-Kick-5.png"}
