{"HitboxCounter":0,"Hitboxes":[],"HurtboxCounter":2,"Hurtboxes":[{"ID":"hurtbox_0","cX":205.0,"cY":414.0,"h":3.799999952316284,"iH":380.0,"iW":196.0,"iX":16.0,"iY":706.0,"oX":189.0,"oY":-292.0,"w":1.9600000381469727,"x":-2.859999895095825,"y":-3.4600000381469727},{"ID":"hurtbox_1","cX":206.0,"cY":115.0,"h":3.190000057220459,"iH":319.0,"iW":175.0,"iX":17.0,"iY":407.0,"oX":189.0,"oY":-292.0,"w":1.75,"x":-2.9549999237060547,"y":-0.16500000655651093}],"Name":"Ryu-Shoryuken-6.png"}
