{"HitboxCounter":1,"Hitboxes":[],"HurtboxCounter":4,"Hurtboxes":[{"ID":"hurtbox_0","cX":329.0,"cY":442.0,"h":3.450000047683716,"iH":345.0,"iW":163.0,"iX":140.0,"iY":734.0,"oX":189.0,"oY":-292.0,"w":1.6299999952316284,"x":-1.784999966621399,"y":-3.565000057220459},{"ID":"hurtbox_1","cX":236.0,"cY":416.0,"h":3.609999895095825,"iH":361.0,"iW":110.0,"iX":47.0,"iY":708.0,"oX":189.0,"oY":-292.0,"w":1.100000023841858,"x":-2.9800000190734863,"y":-3.384999990463257},{"ID":"hurtbox_2","cX":257.0,"cY":186.0,"h":2.619999885559082,"iH":262.0,"iW":139.0,"iX":68.0,"iY":478.0,"oX":189.0,"oY":-292.0,"w":1.3899999856948853,"x":-2.625,"y":-0.5899999737739563},{"ID":"hurtbox_3","cX":353.0,"cY":177.0,"h":2.0299999713897705,"iH":203.0,"iW":144.0,"iX":164.0,"iY":469.0,"oX":189.0,"oY":-292.0,"w":1.440000057220459,"x":-1.6399999856948853,"y":-0.20499999821186066}],"Name":"Ryu-Light-Punch-1.png"}
