{"HitboxCounter":1,"Hitboxes":[{"ID":"hitbox_0","cX":446.0,"cY":187.0,"h":2.509999990463257,"iH":251.0,"iW":104.0,"iX":257.0,"iY":187.0,"oX":189.0,"oY":0.0,"w":1.0399999618530273,"x":-0.9100000262260437,"y":2.375}],"HurtboxCounter":3,"Hurtboxes":[{"ID":"hurtbox_0","cX":384.0,"cY":375.0,"h":4.150000095367432,"iH":415.0,"iW":134.0,"iX":195.0,"iY":667.0,"oX":189.0,"oY":-292.0,"w":1.340000033378601,"x":-1.3799999952316284,"y":-3.244999885559082},{"ID":"hurtbox_1","cX":320.0,"cY":198.0,"h":1.600000023841858,"iH":160.0,"iW":119.0,"iX":131.0,"iY":490.0,"oX":189.0,"oY":-292.0,"w":1.190000057220459,"x":-2.0950000286102295,"y":-0.20000000298023224},{"ID":"hurtbox_2","cX":416.0,"cY":154.0,"h":2.0199999809265137,"iH":202.0,"iW":102.0,"iX":227.0,"iY":446.0,"oX":189.0,"oY":-292.0,"w":1.0199999809265137,"x":-1.2200000286102295,"y":0.029999999329447746}],"Name":"Ryu-Heavy-Punch-Crouch-3.png"}
