{"HitboxCounter":0,"Hitboxes":[],"HurtboxCounter":3,"Hurtboxes":[{"ID":"hurtbox_0","cX":200.0,"cY":466.0,"h":3.1500000953674316,"iH":315.0,"iW":152.0,"iX":11.0,"iY":758.0,"oX":189.0,"oY":-292.0,"w":1.5199999809265137,"x":-3.130000114440918,"y":-3.6549999713897705},{"ID":"hurtbox_1","cX":264.0,"cY":402.0,"h":3.859999895095825,"iH":386.0,"iW":190.0,"iX":75.0,"iY":694.0,"oX":189.0,"oY":-292.0,"w":1.899999976158142,"x":-2.299999952316284,"y":-3.369999885559082},{"ID":"hurtbox_2","cX":251.0,"cY":160.0,"h":2.430000066757202,"iH":243.0,"iW":233.0,"iX":62.0,"iY":452.0,"oX":189.0,"oY":-292.0,"w":2.3299999237060547,"x":-2.2149999141693115,"y":-0.23499999940395355}],"Name":"Ryu-Walking-2.png"}
