{"HitboxCounter":1,"Hitboxes":[{"ID":"hitbox_0","cX":448.0,"cY":608.0,"h":1.7699999809265137,"iH":177.0,"iW":313.0,"iX":259.0,"iY":900.0,"oX":189.0,"oY":-292.0,"w":3.130000114440918,"x":0.1550000011920929,"y":-4.385000228881836}],"HurtboxCounter":3,"Hurtboxes":[{"ID":"hurtbox_0","cX":257.0,"cY":700.0,"h":0.9200000166893005,"iH":92.0,"iW":150.0,"iX":68.0,"iY":992.0,"oX":189.0,"oY":-292.0,"w":1.5,"x":-2.569999933242798,"y":-4.880000114440918},{"ID":"hurtbox_1","cX":317.0,"cY":514.0,"h":1.899999976158142,"iH":190.0,"iW":111.0,"iX":128.0,"iY":806.0,"oX":189.0,"oY":-292.0,"w":1.1100000143051147,"x":-2.1649999618530273,"y":-3.509999990463257},{"ID":"hurtbox_2","cX":287.0,"cY":358.0,"h":2.0,"iH":200.0,"iW":170.0,"iX":98.0,"iY":650.0,"oX":189.0,"oY":-292.0,"w":1.7000000476837158,"x":-2.1700000762939453,"y":-2.0}],"Name":"Ryu-Light-Kick-Crouch-2.png"}
