{"HitboxCounter":1,"Hitboxes":[],"HurtboxCounter":1,"Hurtboxes":[{"ID":"hurtbox_0","cX":249.0,"cY":371.0,"h":4.010000228881836,"iH":401.0,"iW":329.0,"iX":60.0,"iY":663.0,"oX":189.0,"oY":-292.0,"w":3.2899999618530273,"x":-1.7549999952316284,"y":-3.134999990463257}],"Name":"Ryu-Light-Punch-Crouch-1.png"}
