{"HitboxCounter":0,"Hitboxes":[],"HurtboxCounter":2,"Hurtboxes":[{"ID":"hurtbox_0","cX":269.0,"cY":595.0,"h":1.8799999952316284,"iH":188.0,"iW":310.0,"iX":80.0,"iY":887.0,"oX":189.0,"oY":-292.0,"w":3.0999999046325684,"x":-1.649999976158142,"y":-4.309999942779541},{"ID":"hurtbox_1","cX":291.0,"cY":354.0,"h":2.5899999141693115,"iH":259.0,"iW":203.0,"iX":102.0,"iY":646.0,"oX":189.0,"oY":-292.0,"w":2.0299999713897705,"x":-1.965000033378601,"y":-2.255000114440918}],"Name":"Ryu-Light-Kick-Crouch-1.png"}
