{"HitboxCounter":1,"Hitboxes":[{"ID":"hitbox_0","cX":390.0,"cY":303.0,"h":1.149999976158142,"iH":115.0,"iW":327.0,"iX":201.0,"iY":401.0,"oX":189.0,"oY":-98.0,"w":3.2699999809265137,"x":-0.35499998927116394,"y":0.9150000214576721}],"HurtboxCounter":3,"Hurtboxes":[{"ID":"hurtbox_0","cX":306.0,"cY":401.0,"h":3.3299999237060547,"iH":333.0,"iW":149.0,"iX":117.0,"iY":499.0,"oX":189.0,"oY":-98.0,"w":1.4900000095367432,"x":-2.0850000381469727,"y":-1.1549999713897705},{"ID":"hurtbox_1","cX":287.0,"cY":148.0,"h":2.859999895095825,"iH":286.0,"iW":74.0,"iX":98.0,"iY":246.0,"oX":189.0,"oY":-98.0,"w":0.7400000095367432,"x":-2.6500000953674316,"y":1.6100000143051147},{"ID":"hurtbox_2","cX":321.0,"cY":59.0,"h":2.049999952316284,"iH":205.0,"iW":177.0,"iX":132.0,"iY":157.0,"oX":189.0,"oY":-98.0,"w":1.7699999809265137,"x":-1.7949999570846558,"y":2.9049999713897705}],"Name":"Ryu-Tatsu-3.png"}
