{"HitboxCounter":0,"Hitboxes":[],"HurtboxCounter":3,"Hurtboxes":[{"ID":"hurtbox_0","cX":397.0,"cY":437.0,"h":3.4000000953674316,"iH":340.0,"iW":213.0,"iX":208.0,"iY":729.0,"oX":189.0,"oY":-292.0,"w":2.130000114440918,"x":-0.8550000190734863,"y":-3.490000009536743},{"ID":"hurtbox_1","cX":288.0,"cY":420.0,"h":3.4200000762939453,"iH":342.0,"iW":75.0,"iX":99.0,"iY":712.0,"oX":189.0,"oY":-292.0,"w":0.75,"x":-2.634999990463257,"y":-3.3299999237060547},{"ID":"hurtbox_2","cX":265.0,"cY":153.0,"h":2.569999933242798,"iH":257.0,"iW":283.0,"iX":76.0,"iY":445.0,"oX":189.0,"oY":-292.0,"w":2.8299999237060547,"x":-1.8250000476837158,"y":-0.23499999940395355}],"Name":"Ryu-Hadouken-1.png"}
