{"HitboxCounter":0,"Hitboxes":[],"HurtboxCounter":1,"Hurtboxes":[{"ID":"hurtbox_0","cX":258.0,"cY":367.0,"h":4.03000020980835,"iH":403.0,"iW":291.0,"iX":69.0,"iY":659.0,"oX":189.0,"oY":-292.0,"w":2.9100000858306885,"x":-1.8550000190734863,"y":-3.1050000190734863}],"Name":"Ryu-Med-Punch-Crouch-4.png"}
