{"HitboxCounter":0,"Hitboxes":[],"HurtboxCounter":3,"Hurtboxes":[{"ID":"hurtbox_0","cX":240.0,"cY":487.0,"h":2.759999990463257,"iH":276.0,"iW":172.0,"iX":51.0,"iY":779.0,"oX":189.0,"oY":-292.0,"w":1.7200000286102295,"x":-2.630000114440918,"y":-3.6700000762939453},{"ID":"hurtbox_1","cX":327.0,"cY":401.0,"h":3.680000066757202,"iH":368.0,"iW":269.0,"iX":138.0,"iY":693.0,"oX":189.0,"oY":-292.0,"w":2.690000057220459,"x":-1.274999976158142,"y":-3.2699999809265137},{"ID":"hurtbox_2","cX":308.0,"cY":122.0,"h":2.8499999046325684,"iH":285.0,"iW":227.0,"iX":119.0,"iY":414.0,"oX":189.0,"oY":-292.0,"w":2.2699999809265137,"x":-1.6749999523162842,"y":-0.06499999761581421}],"Name":"Ryu-Med-High-Punch-2.png"}
