{"HitboxCounter":1,"Hitboxes":[{"ID":"hitbox_0","cX":549.0,"cY":624.0,"h":1.6699999570846558,"iH":167.0,"iW":366.0,"iX":360.0,"iY":916.0,"oX":189.0,"oY":-292.0,"w":3.6600000858306885,"x":1.4299999475479126,"y":-4.494999885559082}],"HurtboxCounter":1,"Hurtboxes":[{"ID":"hurtbox_0","cX":356.0,"cY":419.0,"h":3.5199999809265137,"iH":352.0,"iW":222.0,"iX":167.0,"iY":711.0,"oX":189.0,"oY":-292.0,"w":2.2200000286102295,"x":-1.2200000286102295,"y":-3.369999885559082}],"Name":"Ryu-Med-Kick-Crouch-2.png"}
