{"HitboxCounter":0,"Hitboxes":[],"HurtboxCounter":4,"Hurtboxes":[{"ID":"hurtbox_0","cX":231.0,"cY":570.0,"h":2.0199999809265137,"iH":202.0,"iW":129.0,"iX":42.0,"iY":862.0,"oX":189.0,"oY":-292.0,"w":1.2899999618530273,"x":-2.934999942779541,"y":-4.130000114440918},{"ID":"hurtbox_1","cX":299.0,"cY":399.0,"h":1.9800000190734863,"iH":198.0,"iW":180.0,"iX":110.0,"iY":691.0,"oX":189.0,"oY":-292.0,"w":1.7999999523162842,"x":-2.0,"y":-2.4000000953674316},{"ID":"hurtbox_2","cX":436.0,"cY":522.0,"h":2.440000057220459,"iH":244.0,"iW":155.0,"iX":247.0,"iY":814.0,"oX":189.0,"oY":-292.0,"w":1.5499999523162842,"x":-0.7549999952316284,"y":-3.859999895095825},{"ID":"hurtbox_3","cX":325.0,"cY":134.0,"h":2.890000104904175,"iH":289.0,"iW":172.0,"iX":136.0,"iY":426.0,"oX":189.0,"oY":-292.0,"w":1.7200000286102295,"x":-1.7799999713897705,"y":-0.20499999821186066}],"Name":"Ryu-Med-Punch-Walking-2.png"}
