{"HitboxCounter":0,"Hitboxes":[],"HurtboxCounter":4,"Hurtboxes":[{"ID":"hurtbox_0","cX":369.0,"cY":590.0,"h":2.0299999713897705,"iH":203.0,"iW":134.0,"iX":180.0,"iY":882.0,"oX":189.0,"oY":-292.0,"w":1.340000033378601,"x":-1.5299999713897705,"y":-4.335000038146973},{"ID":"hurtbox_1","cX":245.0,"cY":405.0,"h":2.3299999237060547,"iH":233.0,"iW":192.0,"iX":56.0,"iY":697.0,"oX":189.0,"oY":-292.0,"w":1.9199999570846558,"x":-2.4800000190734863,"y":-2.634999990463257},{"ID":"hurtbox_2","cX":258.0,"cY":605.0,"h":1.7699999809265137,"iH":177.0,"iW":112.0,"iX":69.0,"iY":897.0,"oX":189.0,"oY":-292.0,"w":1.1200000047683716,"x":-2.75,"y":-4.355000019073486},{"ID":"hurtbox_3","cX":248.0,"cY":159.0,"h":2.5799999237060547,"iH":258.0,"iW":217.0,"iX":59.0,"iY":451.0,"oX":189.0,"oY":-292.0,"w":2.1700000762939453,"x":-2.325000047683716,"y":-0.30000001192092896}],"Name":"Ryu-Walking-5.png"}
