{"HitboxCounter":0,"Hitboxes":[],"HurtboxCounter":1,"Hurtboxes":[{"ID":"hurtbox_0","cX":250.0,"cY":383.0,"h":3.9800000190734863,"iH":398.0,"iW":259.0,"iX":61.0,"iY":675.0,"oX":189.0,"oY":-292.0,"w":2.5899999141693115,"x":-2.0950000286102295,"y":-3.240000009536743}],"Name":"Ryu-Crouch.png"}
