{"HitboxCounter":1,"Hitboxes":[{"ID":"hitbox_0","cX":450.0,"cY":431.0,"h":0.7300000190734863,"iH":73.0,"iW":243.0,"iX":261.0,"iY":723.0,"oX":189.0,"oY":-292.0,"w":2.430000066757202,"x":-0.17499999701976776,"y":-2.0950000286102295}],"HurtboxCounter":2,"Hurtboxes":[{"ID":"hurtbox_0","cX":257.0,"cY":589.0,"h":1.8899999856948853,"iH":189.0,"iW":286.0,"iX":68.0,"iY":881.0,"oX":189.0,"oY":-292.0,"w":2.859999895095825,"x":-1.8899999856948853,"y":-4.255000114440918},{"ID":"hurtbox_1","cX":317.0,"cY":356.0,"h":2.369999885559082,"iH":237.0,"iW":169.0,"iX":128.0,"iY":648.0,"oX":189.0,"oY":-292.0,"w":1.690000057220459,"x":-1.875,"y":-2.1649999618530273}],"Name":"Ryu-Med-Punch-Crouch-2.png"}
