{"HitboxCounter":0,"Hitboxes":[],"HurtboxCounter":3,"Hurtboxes":[{"ID":"hurtbox_0","cX":338.0,"cY":410.0,"h":3.740000009536743,"iH":374.0,"iW":202.0,"iX":149.0,"iY":702.0,"oX":189.0,"oY":-292.0,"w":2.0199999809265137,"x":-1.5,"y":-3.390000104904175},{"ID":"hurtbox_1","cX":339.0,"cY":295.0,"h":1.1799999475479126,"iH":118.0,"iW":228.0,"iX":150.0,"iY":587.0,"oX":189.0,"oY":-292.0,"w":2.2799999713897705,"x":-1.3600000143051147,"y":-0.9599999785423279},{"ID":"hurtbox_2","cX":360.0,"cY":133.0,"h":1.809999942779541,"iH":181.0,"iW":149.0,"iX":171.0,"iY":425.0,"oX":189.0,"oY":-292.0,"w":1.4900000095367432,"x":-1.5449999570846558,"y":0.3449999988079071}],"Name":"Ryu-Heavy-Kick-Walking-1.png"}
