{"HitboxCounter":1,"Hitboxes":[{"ID":"hitbox_0","cX":216.0,"cY":303.0,"h":0.9900000095367432,"iH":99.0,"iW":159.0,"iX":27.0,"iY":401.0,"oX":189.0,"oY":-98.0,"w":1.590000033378601,"x":-2.934999942779541,"y":0.9950000047683716}],"HurtboxCounter":4,"Hurtboxes":[{"ID":"hurtbox_1","cX":264.0,"cY":405.0,"h":2.869999885559082,"iH":287.0,"iW":119.0,"iX":75.0,"iY":503.0,"oX":189.0,"oY":-98.0,"w":1.190000057220459,"x":-2.6549999713897705,"y":-0.9649999737739563},{"ID":"hurtbox_2","cX":363.0,"cY":298.0,"h":0.9599999785423279,"iH":96.0,"iW":69.0,"iX":174.0,"iY":396.0,"oX":189.0,"oY":-98.0,"w":0.6899999976158142,"x":-1.9149999618530273,"y":1.059999942779541},{"ID":"hurtbox_3","cX":260.0,"cY":52.0,"h":2.440000057220459,"iH":244.0,"iW":197.0,"iX":71.0,"iY":150.0,"oX":189.0,"oY":-98.0,"w":1.9700000286102295,"x":-2.305000066757202,"y":2.7799999713897705}],"Name":"Ryu-Tatsu-6.png"}
