{"HitboxCounter":0,"Hitboxes":[],"HurtboxCounter":3,"Hurtboxes":[{"ID":"hurtbox_0","cX":375.0,"cY":468.0,"h":3.0799999237060547,"iH":308.0,"iW":291.0,"iX":186.0,"iY":760.0,"oX":189.0,"oY":-292.0,"w":2.9100000858306885,"x":-0.6850000023841858,"y":-3.640000104904175},{"ID":"hurtbox_1","cX":275.0,"cY":448.0,"h":3.190000057220459,"iH":319.0,"iW":121.0,"iX":86.0,"iY":740.0,"oX":189.0,"oY":-292.0,"w":1.2100000381469727,"x":-2.5350000858306885,"y":-3.494999885559082},{"ID":"hurtbox_2","cX":294.0,"cY":193.0,"h":2.859999895095825,"iH":286.0,"iW":189.0,"iX":105.0,"iY":485.0,"oX":189.0,"oY":-292.0,"w":1.8899999856948853,"x":-2.005000114440918,"y":-0.7799999713897705}],"Name":"Ryu-Hadouken-2.png"}
