{"HitboxCounter":0,"Hitboxes":[],"HurtboxCounter":4,"Hurtboxes":[{"ID":"hurtbox_0","cX":274.0,"cY":566.0,"h":2.130000114440918,"iH":213.0,"iW":152.0,"iX":85.0,"iY":858.0,"oX":189.0,"oY":-292.0,"w":1.5199999809265137,"x":-2.390000104904175,"y":-4.144999980926514},{"ID":"hurtbox_1","cX":376.0,"cY":450.0,"h":3.240000009536743,"iH":324.0,"iW":201.0,"iX":187.0,"iY":742.0,"oX":189.0,"oY":-292.0,"w":2.009999990463257,"x":-1.125,"y":-3.5399999618530273},{"ID":"hurtbox_2","cX":358.0,"cY":167.0,"h":3.069999933242798,"iH":307.0,"iW":164.0,"iX":169.0,"iY":459.0,"oX":189.0,"oY":-292.0,"w":1.6399999856948853,"x":-1.4900000095367432,"y":-0.625},{"ID":"hurtbox_3","cX":437.0,"cY":134.0,"h":2.190000057220459,"iH":219.0,"iW":119.0,"iX":248.0,"iY":426.0,"oX":189.0,"oY":-292.0,"w":1.190000057220459,"x":-0.925000011920929,"y":0.14499999582767487}],"Name":"Ryu-Med-Punch-Walking-4.png"}
