{"HitboxCounter":1,"Hitboxes":[{"ID":"hitbox_0","cX":510.0,"cY":280.0,"h":2.4000000953674316,"iH":240.0,"iW":143.0,"iX":321.0,"iY":572.0,"oX":189.0,"oY":-292.0,"w":1.4299999475479126,"x":-0.07500000298023224,"y":-1.4199999570846558}],"HurtboxCounter":4,"Hurtboxes":[{"ID":"hurtbox_0","cX":420.0,"cY":490.0,"h":2.9100000858306885,"iH":291.0,"iW":83.0,"iX":231.0,"iY":782.0,"oX":189.0,"oY":-292.0,"w":0.8299999833106995,"x":-1.274999976158142,"y":-3.7750000953674316},{"ID":"hurtbox_1","cX":404.0,"cY":309.0,"h":1.7400000095367432,"iH":174.0,"iW":87.0,"iX":215.0,"iY":601.0,"oX":189.0,"oY":-292.0,"w":0.8700000047683716,"x":-1.4149999618530273,"y":-1.3799999952316284},{"ID":"hurtbox_2","cX":371.0,"cY":74.0,"h":1.8200000524520874,"iH":182.0,"iW":183.0,"iX":182.0,"iY":366.0,"oX":189.0,"oY":-292.0,"w":1.8300000429153442,"x":-1.2649999856948853,"y":0.9300000071525574},{"ID":"hurtbox_3","cX":384.0,"cY":222.0,"h":0.6800000071525574,"iH":68.0,"iW":110.0,"iX":195.0,"iY":514.0,"oX":189.0,"oY":-292.0,"w":1.100000023841858,"x":-1.5,"y":0.019999999552965164}],"Name":"Ryu-Med-Kick-Walking-3.png"}
