{"HitboxCounter":1,"Hitboxes":[],"HurtboxCounter":3,"Hurtboxes":[{"ID":"hurtbox_0","cX":301.0,"cY":399.0,"h":3.799999952316284,"iH":380.0,"iW":179.0,"iX":112.0,"iY":691.0,"oX":189.0,"oY":-292.0,"w":1.7899999618530273,"x":-1.9850000143051147,"y":-3.309999942779541},{"ID":"hurtbox_1","cX":297.0,"cY":193.0,"h":2.200000047683716,"iH":220.0,"iW":188.0,"iX":108.0,"iY":485.0,"oX":189.0,"oY":-292.0,"w":1.8799999952316284,"x":-1.9800000190734863,"y":-0.44999998807907104},{"ID":"hurtbox_2","cX":396.0,"cY":127.0,"h":0.8999999761581421,"iH":90.0,"iW":89.0,"iX":207.0,"iY":419.0,"oX":189.0,"oY":-292.0,"w":0.8899999856948853,"x":-1.4850000143051147,"y":0.8600000143051147}],"Name":"Ryu-High-Punch-Walking-1.png"}
