{"HitboxCounter":0,"Hitboxes":[],"HurtboxCounter":2,"Hurtboxes":[{"ID":"hurtbox_0","cX":243.0,"cY":443.0,"h":3.4100000858306885,"iH":341.0,"iW":231.0,"iX":54.0,"iY":735.0,"oX":189.0,"oY":-292.0,"w":2.309999942779541,"x":-2.305000066757202,"y":-3.555000066757202},{"ID":"hurtbox_1","cX":264.0,"cY":202.0,"h":2.180000066757202,"iH":218.0,"iW":205.0,"iX":75.0,"iY":494.0,"oX":189.0,"oY":-292.0,"w":2.049999952316284,"x":-2.2249999046325684,"y":-0.5299999713897705}],"Name":"Ryu-Walking-1.png"}
