{"HitboxCounter":1,"Hitboxes":[{"ID":"hitbox_0","cX":459.0,"cY":154.0,"h":1.690000057220459,"iH":169.0,"iW":135.0,"iX":270.0,"iY":446.0,"oX":189.0,"oY":-292.0,"w":1.350000023841858,"x":-0.625,"y":0.19499999284744263}],"HurtboxCounter":4,"Hurtboxes":[{"ID":"hurtbox_0","cX":326.0,"cY":440.0,"h":3.380000114440918,"iH":338.0,"iW":171.0,"iX":137.0,"iY":732.0,"oX":189.0,"oY":-292.0,"w":1.7100000381469727,"x":-1.774999976158142,"y":-3.509999990463257},{"ID":"hurtbox_1","cX":289.0,"cY":226.0,"h":2.069999933242798,"iH":207.0,"iW":139.0,"iX":100.0,"iY":518.0,"oX":189.0,"oY":-292.0,"w":1.3899999856948853,"x":-2.305000066757202,"y":-0.7149999737739563},{"ID":"hurtbox_2","cX":370.0,"cY":336.0,"h":0.9900000095367432,"iH":99.0,"iW":122.0,"iX":181.0,"iY":628.0,"oX":189.0,"oY":-292.0,"w":1.2200000286102295,"x":-1.5800000429153442,"y":-1.274999976158142},{"ID":"hurtbox_3","cX":373.0,"cY":145.0,"h":0.8700000047683716,"iH":87.0,"iW":62.0,"iX":184.0,"iY":437.0,"oX":189.0,"oY":-292.0,"w":0.6200000047683716,"x":-1.850000023841858,"y":0.6949999928474426}],"Name":"Ryu-Heavy-Punch-Crouch-2.png"}
