{"HitboxCounter":1,"Hitboxes":[{"ID":"hitbox_0","cX":457.0,"cY":676.0,"h":1.0399999618530273,"iH":104.0,"iW":102.0,"iX":268.0,"iY":968.0,"oX":189.0,"oY":-292.0,"w":1.0199999809265137,"x":-0.8100000023841858,"y":-4.699999809265137}],"HurtboxCounter":2,"Hurtboxes":[{"ID":"hurtbox_0","cX":339.0,"cY":574.0,"h":2.0299999713897705,"iH":203.0,"iW":112.0,"iX":150.0,"iY":866.0,"oX":189.0,"oY":-292.0,"w":1.1200000047683716,"x":-1.940000057220459,"y":-4.175000190734863},{"ID":"hurtbox_1","cX":339.0,"cY":380.0,"h":2.0899999141693115,"iH":209.0,"iW":135.0,"iX":150.0,"iY":672.0,"oX":189.0,"oY":-292.0,"w":1.350000023841858,"x":-1.8250000476837158,"y":-2.265000104904175}],"Name":"Ryu-Heavy-Kick-Crouch-1.png"}
