{"HitboxCounter":2,"Hitboxes":[{"ID":"hitbox_0","cX":440.0,"cY":618.0,"h":1.0700000524520874,"iH":107.0,"iW":129.0,"iX":251.0,"iY":910.0,"oX":189.0,"oY":-292.0,"w":1.2899999618530273,"x":-0.8450000286102295,"y":-4.135000228881836},{"ID":"hitbox_1","cX":556.0,"cY":637.0,"h":1.3899999856948853,"iH":139.0,"iW":202.0,"iX":367.0,"iY":929.0,"oX":189.0,"oY":-292.0,"w":2.0199999809265137,"x":0.6800000071525574,"y":-4.485000133514404}],"HurtboxCounter":3,"Hurtboxes":[{"ID":"hurtbox_0","cX":287.0,"cY":599.0,"h":1.75,"iH":175.0,"iW":146.0,"iX":98.0,"iY":891.0,"oX":189.0,"oY":-292.0,"w":1.4600000381469727,"x":-2.2899999618530273,"y":-4.284999847412109},{"ID":"hurtbox_1","cX":281.0,"cY":386.0,"h":1.7300000190734863,"iH":173.0,"iW":171.0,"iX":92.0,"iY":678.0,"oX":189.0,"oY":-292.0,"w":1.7100000381469727,"x":-2.2249999046325684,"y":-2.1449999809265137},{"ID":"hurtbox_2","cX":206.0,"cY":545.0,"h":1.5,"iH":150.0,"iW":187.0,"iX":17.0,"iY":837.0,"oX":189.0,"oY":-292.0,"w":1.8700000047683716,"x":-2.8949999809265137,"y":-3.619999885559082}],"Name":"Ryu-Heavy-Kick-Crouch-2.png"}
