{"HitboxCounter":1,"Hitboxes":[{"ID":"hitbox_0","cX":209.0,"cY":306.0,"h":0.949999988079071,"iH":95.0,"iW":254.0,"iX":20.0,"iY":404.0,"oX":189.0,"oY":-98.0,"w":2.5399999618530273,"x":-2.5299999713897705,"y":0.9850000143051147}],"HurtboxCounter":2,"Hurtboxes":[{"ID":"hurtbox_0","cX":460.0,"cY":315.0,"h":3.6700000762939453,"iH":367.0,"iW":112.0,"iX":271.0,"iY":413.0,"oX":189.0,"oY":-98.0,"w":1.1200000047683716,"x":-0.7300000190734863,"y":-0.4650000035762787},{"ID":"hurtbox_1","cX":396.0,"cY":56.0,"h":3.069999933242798,"iH":307.0,"iW":223.0,"iX":207.0,"iY":154.0,"oX":189.0,"oY":-98.0,"w":2.2300000190734863,"x":-0.8149999976158142,"y":2.424999952316284}],"Name":"Ryu-Tatsu-5.png"}
