{"HitboxCounter":0,"Hitboxes":[],"HurtboxCounter":1,"Hurtboxes":[{"ID":"hurtbox_0","cX":248.0,"cY":371.0,"h":4.079999923706055,"iH":408.0,"iW":292.0,"iX":59.0,"iY":663.0,"oX":189.0,"oY":-292.0,"w":2.9200000762939453,"x":-1.9500000476837158,"y":-3.1700000762939453}],"Name":"Ryu-Med-Punch-Crouch-1.png"}
