{"HitboxCounter":0,"Hitboxes":[],"HurtboxCounter":2,"Hurtboxes":[{"ID":"hurtbox_0","cX":242.0,"cY":417.0,"h":3.7300000190734863,"iH":373.0,"iW":236.0,"iX":53.0,"iY":709.0,"oX":189.0,"oY":-292.0,"w":2.359999895095825,"x":-2.2899999618530273,"y":-3.4549999237060547},{"ID":"hurtbox_1","cX":258.0,"cY":129.0,"h":2.9600000381469727,"iH":296.0,"iW":210.0,"iX":69.0,"iY":421.0,"oX":189.0,"oY":-292.0,"w":2.0999999046325684,"x":-2.259999990463257,"y":-0.1899999976158142}],"Name":"Ryu-Shoryuken-7.png"}
