{"HitboxCounter":2,"Hitboxes":[{"ID":"hitbox_0","cX":707.0,"cY":114.0,"h":1.5800000429153442,"iH":158.0,"iW":103.0,"iX":518.0,"iY":406.0,"oX":189.0,"oY":-292.0,"w":1.0299999713897705,"x":1.6950000524520874,"y":0.6499999761581421},{"ID":"hitbox_1","cX":570.0,"cY":235.0,"h":1.5800000429153442,"iH":158.0,"iW":148.0,"iX":381.0,"iY":527.0,"oX":189.0,"oY":-292.0,"w":1.4800000190734863,"x":0.550000011920929,"y":-0.5600000023841858}],"HurtboxCounter":2,"Hurtboxes":[{"ID":"hurtbox_0","cX":416.0,"cY":317.0,"h":4.559999942779541,"iH":456.0,"iW":97.0,"iX":227.0,"iY":609.0,"oX":189.0,"oY":-292.0,"w":0.9700000286102295,"x":-1.2450000047683716,"y":-2.869999885559082},{"ID":"hurtbox_1","cX":389.0,"cY":68.0,"h":2.799999952316284,"iH":280.0,"iW":162.0,"iX":200.0,"iY":360.0,"oX":189.0,"oY":-292.0,"w":1.6200000047683716,"x":-1.190000057220459,"y":0.5}],"Name":"Ryu-Heavy-Kick-Walking-2.png"}
