{"HitboxCounter":1,"Hitboxes":[{"ID":"hitbox_0","cX":430.0,"cY":88.0,"h":2.690000057220459,"iH":269.0,"iW":156.0,"iX":241.0,"iY":380.0,"oX":189.0,"oY":-292.0,"w":1.559999942779541,"x":-0.8100000023841858,"y":0.35499998927116394}],"HurtboxCounter":3,"Hurtboxes":[{"ID":"hurtbox_0","cX":235.0,"cY":428.0,"h":3.549999952316284,"iH":355.0,"iW":158.0,"iX":46.0,"iY":720.0,"oX":189.0,"oY":-292.0,"w":1.5800000429153442,"x":-2.75,"y":-3.4749999046325684},{"ID":"hurtbox_1","cX":379.0,"cY":393.0,"h":3.890000104904175,"iH":389.0,"iW":139.0,"iX":190.0,"iY":685.0,"oX":189.0,"oY":-292.0,"w":1.3899999856948853,"x":-1.4049999713897705,"y":-3.2950000762939453},{"ID":"hurtbox_2","cX":282.0,"cY":120.0,"h":3.0999999046325684,"iH":310.0,"iW":184.0,"iX":93.0,"iY":412.0,"oX":189.0,"oY":-292.0,"w":1.840000033378601,"x":-2.1500000953674316,"y":-0.17000000178813934}],"Name":"Ryu-Light-Punch-Walking-2.png"}
