{"HitboxCounter":0,"Hitboxes":[],"HurtboxCounter":2,"Hurtboxes":[{"ID":"hurtbox_0","cX":211.0,"cY":408.0,"h":3.799999952316284,"iH":380.0,"iW":292.0,"iX":22.0,"iY":700.0,"oX":189.0,"oY":-292.0,"w":2.9200000762939453,"x":-2.319999933242798,"y":-3.4000000953674316},{"ID":"hurtbox_1","cX":228.0,"cY":154.0,"h":2.4100000858306885,"iH":241.0,"iW":214.0,"iX":39.0,"iY":446.0,"oX":189.0,"oY":-292.0,"w":2.140000104904175,"x":-2.5399999618530273,"y":-0.16500000655651093}],"Name":"Ryu-Idle-2.png"}
