{"HitboxCounter":1,"Hitboxes":[{"ID":"hitbox_0","cX":450.0,"cY":310.0,"h":1.8600000143051147,"iH":186.0,"iW":227.0,"iX":261.0,"iY":602.0,"oX":189.0,"oY":-292.0,"w":2.2699999809265137,"x":-0.2549999952316284,"y":-1.4500000476837158}],"HurtboxCounter":3,"Hurtboxes":[{"ID":"hurtbox_1","cX":343.0,"cY":498.0,"h":2.740000009536743,"iH":274.0,"iW":165.0,"iX":154.0,"iY":790.0,"oX":189.0,"oY":-292.0,"w":1.649999976158142,"x":-1.6349999904632568,"y":-3.7699999809265137},{"ID":"hurtbox_2","cX":198.0,"cY":239.0,"h":2.5899999141693115,"iH":259.0,"iW":249.0,"iX":9.0,"iY":531.0,"oX":189.0,"oY":-292.0,"w":2.490000009536743,"x":-2.6649999618530273,"y":-1.1050000190734863}],"Name":"Ryu-High-Kick-4.png"}
