{"HitboxCounter":0,"Hitboxes":[],"HurtboxCounter":3,"Hurtboxes":[{"ID":"hurtbox_0","cX":434.0,"cY":484.0,"h":2.950000047683716,"iH":295.0,"iW":254.0,"iX":245.0,"iY":776.0,"oX":189.0,"oY":-292.0,"w":2.5399999618530273,"x":-0.2800000011920929,"y":-3.734999895095825},{"ID":"hurtbox_1","cX":235.0,"cY":482.0,"h":2.890000104904175,"iH":289.0,"iW":226.0,"iX":46.0,"iY":774.0,"oX":189.0,"oY":-292.0,"w":2.259999990463257,"x":-2.4100000858306885,"y":-3.684999942779541},{"ID":"hurtbox_2","cX":365.0,"cY":213.0,"h":3.190000057220459,"iH":319.0,"iW":166.0,"iX":176.0,"iY":505.0,"oX":189.0,"oY":-292.0,"w":1.659999966621399,"x":-1.409999966621399,"y":-1.1449999809265137}],"Name":"Ryu-Hadouken-3.png"}
