{"HitboxCounter":0,"Hitboxes":[],"HurtboxCounter":4,"Hurtboxes":[{"ID":"hurtbox_0","cX":313.0,"cY":568.0,"h":2.109999895095825,"iH":211.0,"iW":166.0,"iX":124.0,"iY":860.0,"oX":189.0,"oY":-292.0,"w":1.659999966621399,"x":-1.9299999475479126,"y":-4.15500020980835},{"ID":"hurtbox_1","cX":336.0,"cY":390.0,"h":2.25,"iH":225.0,"iW":149.0,"iX":147.0,"iY":682.0,"oX":189.0,"oY":-292.0,"w":1.4900000095367432,"x":-1.784999966621399,"y":-2.444999933242798},{"ID":"hurtbox_2","cX":350.0,"cY":223.0,"h":1.649999976158142,"iH":165.0,"iW":158.0,"iX":161.0,"iY":515.0,"oX":189.0,"oY":-292.0,"w":1.5800000429153442,"x":-1.600000023841858,"y":-0.4749999940395355},{"ID":"hurtbox_3","cX":386.0,"cY":142.0,"h":0.800000011920929,"iH":80.0,"iW":131.0,"iX":197.0,"iY":434.0,"oX":189.0,"oY":-292.0,"w":1.309999942779541,"x":-1.375,"y":0.7599999904632568}],"Name":"Ryu-Med-Kick-Walking-2.png"}
