{"HitboxCounter":1,"Hitboxes":[],"HurtboxCounter":3,"Hurtboxes":[{"ID":"hurtbox_0","cX":276.0,"cY":381.0,"h":3.890000104904175,"iH":389.0,"iW":103.0,"iX":87.0,"iY":673.0,"oX":189.0,"oY":-292.0,"w":1.0299999713897705,"x":-2.615000009536743,"y":-3.174999952316284},{"ID":"hurtbox_1","cX":366.0,"cY":329.0,"h":2.809999942779541,"iH":281.0,"iW":117.0,"iX":177.0,"iY":621.0,"oX":189.0,"oY":-292.0,"w":1.1699999570846558,"x":-1.6449999809265137,"y":-2.115000009536743},{"ID":"hurtbox_2","cX":200.0,"cY":119.0,"h":2.5199999809265137,"iH":252.0,"iW":257.0,"iX":11.0,"iY":411.0,"oX":189.0,"oY":-292.0,"w":2.569999933242798,"x":-2.6050000190734863,"y":0.12999999523162842}],"Name":"Ryu-Light-Med-Kick-1.png"}
