{"HitboxCounter":1,"Hitboxes":[],"HurtboxCounter":4,"Hurtboxes":[{"ID":"hurtbox_0","cX":383.0,"cY":602.0,"h":1.7799999713897705,"iH":178.0,"iW":121.0,"iX":194.0,"iY":894.0,"oX":189.0,"oY":-292.0,"w":1.2100000381469727,"x":-1.4550000429153442,"y":-4.329999923706055},{"ID":"hurtbox_1","cX":249.0,"cY":397.0,"h":2.6600000858306885,"iH":266.0,"iW":204.0,"iX":60.0,"iY":689.0,"oX":189.0,"oY":-292.0,"w":2.0399999618530273,"x":-2.380000114440918,"y":-2.7200000286102295},{"ID":"hurtbox_2","cX":213.0,"cY":555.0,"h":2.2200000286102295,"iH":222.0,"iW":94.0,"iX":24.0,"iY":847.0,"oX":189.0,"oY":-292.0,"w":0.9399999976158142,"x":-3.2899999618530273,"y":-4.079999923706055},{"ID":"hurtbox_3","cX":248.0,"cY":173.0,"h":2.0999999046325684,"iH":210.0,"iW":238.0,"iX":59.0,"iY":465.0,"oX":189.0,"oY":-292.0,"w":2.380000114440918,"x":-2.2200000286102295,"y":-0.20000000298023224}],"Name":"Ryu-High-Punch-Walking-5.png"}
