{"HitboxCounter":1,"Hitboxes":[{"ID":"hitbox_0","cX":230.0,"cY":114.0,"h":2.869999885559082,"iH":287.0,"iW":232.0,"iX":41.0,"iY":258.0,"oX":189.0,"oY":-144.0,"w":2.319999933242798,"x":-2.430000066757202,"y":1.4850000143051147}],"HurtboxCounter":2,"Hurtboxes":[{"ID":"hurtbox_0","cX":280.0,"cY":404.0,"h":3.8499999046325684,"iH":385.0,"iW":116.0,"iX":91.0,"iY":696.0,"oX":189.0,"oY":-292.0,"w":1.159999966621399,"x":-2.509999990463257,"y":-3.384999990463257},{"ID":"hurtbox_1","cX":231.0,"cY":264.0,"h":3.700000047683716,"iH":370.0,"iW":220.0,"iX":42.0,"iY":556.0,"oX":189.0,"oY":-292.0,"w":2.200000047683716,"x":-2.4800000190734863,"y":-1.909999966621399}],"Name":"Ryu-Shoryuken-5.png"}
