{"HitboxCounter":1,"Hitboxes":[{"ID":"hitbox_0","cX":492.0,"cY":460.0,"h":0.6499999761581421,"iH":65.0,"iW":197.0,"iX":303.0,"iY":752.0,"oX":189.0,"oY":-292.0,"w":1.9700000286102295,"x":0.014999999664723873,"y":-2.3450000286102295}],"HurtboxCounter":1,"Hurtboxes":[{"ID":"hurtbox_0","cX":240.0,"cY":378.0,"h":3.950000047683716,"iH":395.0,"iW":292.0,"iX":51.0,"iY":670.0,"oX":189.0,"oY":-292.0,"w":2.9200000762939453,"x":-2.0299999713897705,"y":-3.174999952316284}],"Name":"Ryu-Light-Punch-Crouch-2.png"}
