{"HitboxCounter":1,"Hitboxes":[{"ID":"hitbox_0","cX":426.0,"cY":283.0,"h":1.6799999475479126,"iH":168.0,"iW":167.0,"iX":237.0,"iY":575.0,"oX":189.0,"oY":-292.0,"w":1.6699999570846558,"x":-0.7950000166893005,"y":-1.090000033378601}],"HurtboxCounter":3,"Hurtboxes":[{"ID":"hurtbox_0","cX":258.0,"cY":568.0,"h":2.2200000286102295,"iH":222.0,"iW":143.0,"iX":69.0,"iY":860.0,"oX":189.0,"oY":-292.0,"w":1.4299999475479126,"x":-2.5950000286102295,"y":-4.210000038146973},{"ID":"hurtbox_1","cX":342.0,"cY":456.0,"h":3.2899999618530273,"iH":329.0,"iW":170.0,"iX":153.0,"iY":748.0,"oX":189.0,"oY":-292.0,"w":1.7000000476837158,"x":-1.6200000047683716,"y":-3.625},{"ID":"hurtbox_2","cX":337.0,"cY":226.0,"h":2.4600000381469727,"iH":246.0,"iW":142.0,"iX":148.0,"iY":518.0,"oX":189.0,"oY":-292.0,"w":1.4199999570846558,"x":-1.809999942779541,"y":-0.9100000262260437}],"Name":"Ryu-Shoryuken-3.png"}
