{"HitboxCounter":2,"Hitboxes":[{"ID":"hitbox_0","cX":615.0,"cY":442.0,"h":1.659999966621399,"iH":166.0,"iW":145.0,"iX":426.0,"iY":734.0,"oX":189.0,"oY":-292.0,"w":1.4500000476837158,"x":0.9850000143051147,"y":-2.6700000762939453},{"ID":"hitbox_1","cX":556.0,"cY":387.0,"h":1.4600000381469727,"iH":146.0,"iW":126.0,"iX":367.0,"iY":679.0,"oX":189.0,"oY":-292.0,"w":1.2599999904632568,"x":0.30000001192092896,"y":-2.0199999809265137}],"HurtboxCounter":2,"Hurtboxes":[{"ID":"hurtbox_0","cX":420.0,"cY":480.0,"h":3.0199999809265137,"iH":302.0,"iW":128.0,"iX":231.0,"iY":772.0,"oX":189.0,"oY":-292.0,"w":1.2799999713897705,"x":-1.0499999523162842,"y":-3.7300000190734863},{"ID":"hurtbox_1","cX":374.0,"cY":148.0,"h":3.3399999141693115,"iH":334.0,"iW":160.0,"iX":185.0,"iY":440.0,"oX":189.0,"oY":-292.0,"w":1.600000023841858,"x":-1.350000023841858,"y":-0.5699999928474426}],"Name":"Ryu-Light-Kick-Walking-2.png"}
