{"HitboxCounter":0,"Hitboxes":[],"HurtboxCounter":2,"Hurtboxes":[{"ID":"hurtbox_0","cX":235.0,"cY":595.0,"h":1.899999976158142,"iH":190.0,"iW":257.0,"iX":46.0,"iY":887.0,"oX":189.0,"oY":-292.0,"w":2.569999933242798,"x":-2.255000114440918,"y":-4.320000171661377},{"ID":"hurtbox_1","cX":268.0,"cY":365.0,"h":2.4700000286102295,"iH":247.0,"iW":214.0,"iX":79.0,"iY":657.0,"oX":189.0,"oY":-292.0,"w":2.140000104904175,"x":-2.140000104904175,"y":-2.305000066757202}],"Name":"Ryu-Heavy-Kick-Crouch-5.png"}
