{"HitboxCounter":0,"Hitboxes":[],"HurtboxCounter":3,"Hurtboxes":[{"ID":"hurtbox_0","cX":315.0,"cY":439.0,"h":3.180000066757202,"iH":318.0,"iW":104.0,"iX":126.0,"iY":537.0,"oX":189.0,"oY":-98.0,"w":1.0399999618530273,"x":-2.2200000286102295,"y":-1.4600000381469727},{"ID":"hurtbox_1","cX":259.0,"cY":276.0,"h":1.5700000524520874,"iH":157.0,"iW":198.0,"iX":70.0,"iY":374.0,"oX":189.0,"oY":-98.0,"w":1.9800000190734863,"x":-2.309999942779541,"y":0.9750000238418579},{"ID":"hurtbox_2","cX":242.0,"cY":103.0,"h":1.7300000190734863,"iH":173.0,"iW":289.0,"iX":53.0,"iY":201.0,"oX":189.0,"oY":-98.0,"w":2.890000104904175,"x":-2.0250000953674316,"y":2.625}],"Name":"Ryu-Tatsu-7.png"}
