{"HitboxCounter":1,"Hitboxes":[{"ID":"hitbox_0","cX":517.0,"cY":197.0,"h":1.4800000190734863,"iH":148.0,"iW":169.0,"iX":328.0,"iY":489.0,"oX":189.0,"oY":-292.0,"w":1.690000057220459,"x":0.125,"y":-0.12999999523162842}],"HurtboxCounter":5,"Hurtboxes":[{"ID":"hurtbox_0","cX":250.0,"cY":582.0,"h":1.8799999952316284,"iH":188.0,"iW":156.0,"iX":61.0,"iY":874.0,"oX":189.0,"oY":-292.0,"w":1.559999942779541,"x":-2.609999895095825,"y":-4.179999828338623},{"ID":"hurtbox_1","cX":349.0,"cY":404.0,"h":1.9800000190734863,"iH":198.0,"iW":168.0,"iX":160.0,"iY":696.0,"oX":189.0,"oY":-292.0,"w":1.6799999475479126,"x":-1.559999942779541,"y":-2.450000047683716},{"ID":"hurtbox_2","cX":476.0,"cY":563.0,"h":2.190000057220459,"iH":219.0,"iW":109.0,"iX":287.0,"iY":855.0,"oX":189.0,"oY":-292.0,"w":1.090000033378601,"x":-0.5849999785423279,"y":-4.144999980926514},{"ID":"hurtbox_3","cX":343.0,"cY":207.0,"h":2.2200000286102295,"iH":222.0,"iW":200.0,"iX":154.0,"iY":499.0,"oX":189.0,"oY":-292.0,"w":2.0,"x":-1.4600000381469727,"y":-0.6000000238418579}],"Name":"Ryu-Med-Punch-Walking-3.png"}
