{"HitboxCounter":0,"Hitboxes":[],"HurtboxCounter":3,"Hurtboxes":[{"ID":"hurtbox_0","cX":328.0,"cY":414.0,"h":3.7799999713897705,"iH":378.0,"iW":179.0,"iX":139.0,"iY":706.0,"oX":189.0,"oY":-292.0,"w":1.7899999618530273,"x":-1.715000033378601,"y":-3.450000047683716},{"ID":"hurtbox_1","cX":242.0,"cY":401.0,"h":3.819999933242798,"iH":382.0,"iW":112.0,"iX":53.0,"iY":693.0,"oX":189.0,"oY":-292.0,"w":1.1200000047683716,"x":-2.9100000858306885,"y":-3.3399999141693115},{"ID":"hurtbox_2","cX":234.0,"cY":151.0,"h":2.5,"iH":250.0,"iW":216.0,"iX":45.0,"iY":443.0,"oX":189.0,"oY":-292.0,"w":2.1600000858306885,"x":-2.4700000286102295,"y":-0.18000000715255737}],"Name":"Ryu-Idle-1.png"}
