{"HitboxCounter":0,"Hitboxes":[],"HurtboxCounter":3,"Hurtboxes":[{"ID":"hurtbox_0","cX":279.0,"cY":353.0,"h":4.489999771118164,"iH":449.0,"iW":76.0,"iX":90.0,"iY":645.0,"oX":189.0,"oY":-292.0,"w":0.7599999904632568,"x":-2.7200000286102295,"y":-3.194999933242798},{"ID":"hurtbox_1","cX":346.0,"cY":371.0,"h":2.869999885559082,"iH":287.0,"iW":152.0,"iX":157.0,"iY":663.0,"oX":189.0,"oY":-292.0,"w":1.5199999809265137,"x":-1.6699999570846558,"y":-2.565000057220459},{"ID":"hurtbox_2","cX":256.0,"cY":68.0,"h":3.309999942779541,"iH":331.0,"iW":185.0,"iX":67.0,"iY":360.0,"oX":189.0,"oY":-292.0,"w":1.850000023841858,"x":-2.4049999713897705,"y":0.24500000476837158}],"Name":"Ryu-Tatsu-1.png"}
