{"HitboxCounter":0,"Hitboxes":[],"HurtboxCounter":2,"Hurtboxes":[{"ID":"hurtbox_0","cX":312.0,"cY":595.0,"h":1.7400000095367432,"iH":174.0,"iW":282.0,"iX":123.0,"iY":887.0,"oX":189.0,"oY":-292.0,"w":2.819999933242798,"x":-1.3600000143051147,"y":-4.239999771118164},{"ID":"hurtbox_1","cX":332.0,"cY":387.0,"h":2.2300000190734863,"iH":223.0,"iW":193.0,"iX":143.0,"iY":679.0,"oX":189.0,"oY":-292.0,"w":1.9299999475479126,"x":-1.6050000190734863,"y":-2.4049999713897705}],"Name":"Ryu-Heavy-Kick-Crouch-3.png"}
