{"HitboxCounter":1,"Hitboxes":[{"ID":"hitbox_0","cX":292.0,"cY":189.0,"h":3.130000114440918,"iH":313.0,"iW":153.0,"iX":103.0,"iY":227.0,"oX":189.0,"oY":-38.0,"w":1.5299999713897705,"x":-2.2049999237060547,"y":1.6649999618530273}],"HurtboxCounter":3,"Hurtboxes":[{"ID":"hurtbox_0","cX":258.0,"cY":402.0,"h":3.940000057220459,"iH":394.0,"iW":154.0,"iX":69.0,"iY":694.0,"oX":189.0,"oY":-292.0,"w":1.5399999618530273,"x":-2.5399999618530273,"y":-3.4100000858306885},{"ID":"hurtbox_1","cX":373.0,"cY":385.0,"h":1.6399999856948853,"iH":164.0,"iW":123.0,"iX":184.0,"iY":677.0,"oX":189.0,"oY":-292.0,"w":1.2300000190734863,"x":-1.5449999570846558,"y":-2.0899999141693115},{"ID":"hurtbox_2","cX":206.0,"cY":203.0,"h":1.9500000476837158,"iH":195.0,"iW":220.0,"iX":17.0,"iY":495.0,"oX":189.0,"oY":-292.0,"w":2.200000047683716,"x":-2.7300000190734863,"y":-0.42500001192092896}],"Name":"Ryu-Shoryuken-4.png"}
