{"HitboxCounter":0,"Hitboxes":[],"HurtboxCounter":3,"Hurtboxes":[{"ID":"hurtbox_0","cX":243.0,"cY":628.0,"h":1.5399999618530273,"iH":154.0,"iW":156.0,"iX":54.0,"iY":920.0,"oX":189.0,"oY":-292.0,"w":1.559999942779541,"x":-2.680000066757202,"y":-4.46999979019165},{"ID":"hurtbox_1","cX":402.0,"cY":518.0,"h":2.7200000286102295,"iH":272.0,"iW":115.0,"iX":213.0,"iY":810.0,"oX":189.0,"oY":-292.0,"w":1.149999976158142,"x":-1.2949999570846558,"y":-3.9600000381469727},{"ID":"hurtbox_2","cX":348.0,"cY":248.0,"h":3.9200000762939453,"iH":392.0,"iW":148.0,"iX":159.0,"iY":540.0,"oX":189.0,"oY":-292.0,"w":1.4800000190734863,"x":-1.6699999570846558,"y":-1.8600000143051147}],"Name":"Ryu-Shoryuken-2.png"}
