{"HitboxCounter":1,"Hitboxes":[{"ID":"hitbox_0","cX":436.0,"cY":685.0,"h":0.0,"iH":0.0,"iW":0.0,"iX":247.0,"iY":977.0,"oX":189.0,"oY":-292.0,"w":0.0,"x":-1.5299999713897705,"y":-4.269999980926514}],"HurtboxCounter":3,"Hurtboxes":[{"ID":"hurtbox_0","cX":247.0,"cY":425.0,"h":3.5299999713897705,"iH":353.0,"iW":102.0,"iX":58.0,"iY":717.0,"oX":189.0,"oY":-292.0,"w":1.0199999809265137,"x":-2.9100000858306885,"y":-3.434999942779541},{"ID":"hurtbox_1","cX":307.0,"cY":406.0,"h":3.7699999809265137,"iH":377.0,"iW":136.0,"iX":118.0,"iY":698.0,"oX":189.0,"oY":-292.0,"w":1.3600000143051147,"x":-2.140000104904175,"y":-3.365000009536743},{"ID":"hurtbox_2","cX":258.0,"cY":162.0,"h":2.819999933242798,"iH":282.0,"iW":222.0,"iX":69.0,"iY":454.0,"oX":189.0,"oY":-292.0,"w":2.2200000286102295,"x":-2.200000047683716,"y":-0.44999998807907104}],"Name":"Ryu-Walking-4.png"}
