{"HitboxCounter":0,"Hitboxes":[],"HurtboxCounter":4,"Hurtboxes":[{"ID":"hurtbox_0","cX":240.0,"cY":412.0,"h":3.5999999046325684,"iH":360.0,"iW":129.0,"iX":51.0,"iY":704.0,"oX":189.0,"oY":-292.0,"w":1.2899999618530273,"x":-2.8450000286102295,"y":-3.3399999141693115},{"ID":"hurtbox_2","cX":329.0,"cY":409.0,"h":3.7300000190734863,"iH":373.0,"iW":103.0,"iX":140.0,"iY":701.0,"oX":189.0,"oY":-292.0,"w":1.0299999713897705,"x":-2.0850000381469727,"y":-3.375},{"ID":"hurtbox_3","cX":250.0,"cY":160.0,"h":2.640000104904175,"iH":264.0,"iW":281.0,"iX":61.0,"iY":452.0,"oX":189.0,"oY":-292.0,"w":2.809999942779541,"x":-1.9850000143051147,"y":-0.3400000035762787}],"Name":"Ryu-Walking-3.png"}
