{"HitboxCounter":0,"Hitboxes":[],"HurtboxCounter":2,"Hurtboxes":[{"ID":"hurtbox_0","cX":192.0,"cY":474.0,"h":3.190000057220459,"iH":319.0,"iW":162.0,"iX":3.0,"iY":766.0,"oX":189.0,"oY":-292.0,"w":1.6200000047683716,"x":-3.1600000858306885,"y":-3.755000114440918},{"ID":"hurtbox_1","cX":211.0,"cY":178.0,"h":4.119999885559082,"iH":412.0,"iW":206.0,"iX":22.0,"iY":470.0,"oX":189.0,"oY":-292.0,"w":2.059999942779541,"x":-2.75,"y":-1.2599999904632568}],"Name":"Ryu-Tatsu-8.png"}
