{"HitboxCounter":1,"Hitboxes":[{"ID":"hitbox_0","cX":443.0,"cY":265.0,"h":0.6100000143051147,"iH":61.0,"iW":209.0,"iX":254.0,"iY":557.0,"oX":189.0,"oY":-292.0,"w":2.0899999141693115,"x":-0.41499999165534973,"y":-0.375}],"HurtboxCounter":3,"Hurtboxes":[{"ID":"hurtbox_0","cX":340.0,"cY":482.0,"h":3.069999933242798,"iH":307.0,"iW":173.0,"iX":151.0,"iY":774.0,"oX":189.0,"oY":-292.0,"w":1.7300000190734863,"x":-1.625,"y":-3.7750000953674316},{"ID":"hurtbox_1","cX":237.0,"cY":406.0,"h":3.6700000762939453,"iH":367.0,"iW":164.0,"iX":48.0,"iY":698.0,"oX":189.0,"oY":-292.0,"w":1.6399999856948853,"x":-2.700000047683716,"y":-3.315000057220459},{"ID":"hurtbox_2","cX":270.0,"cY":162.0,"h":2.130000114440918,"iH":213.0,"iW":171.0,"iX":81.0,"iY":454.0,"oX":189.0,"oY":-292.0,"w":1.7100000381469727,"x":-2.3350000381469727,"y":-0.10499999672174454}],"Name":"Ryu-Light-Punch-2.png"}
