{"HitboxCounter":1,"Hitboxes":[{"ID":"hitbox_0","cX":465.0,"cY":411.0,"h":1.5399999618530273,"iH":154.0,"iW":71.0,"iX":276.0,"iY":703.0,"oX":189.0,"oY":-292.0,"w":0.7099999785423279,"x":-0.8849999904632568,"y":-2.299999952316284}],"HurtboxCounter":3,"Hurtboxes":[{"ID":"hurtbox_0","cX":246.0,"cY":292.0,"h":2.890000104904175,"iH":289.0,"iW":191.0,"iX":57.0,"iY":584.0,"oX":189.0,"oY":-292.0,"w":1.909999966621399,"x":-2.4749999046325684,"y":-1.784999966621399},{"ID":"hurtbox_1","cX":248.0,"cY":578.0,"h":2.1500000953674316,"iH":215.0,"iW":119.0,"iX":59.0,"iY":870.0,"oX":189.0,"oY":-292.0,"w":1.190000057220459,"x":-2.815000057220459,"y":-4.275000095367432},{"ID":"hurtbox_2","cX":375.0,"cY":581.0,"h":1.9800000190734863,"iH":198.0,"iW":144.0,"iX":186.0,"iY":873.0,"oX":189.0,"oY":-292.0,"w":1.440000057220459,"x":-1.4199999570846558,"y":-4.21999979019165}],"Name":"Ryu-Heavy-Punch-Crouch-1.png"}
