{"HitboxCounter":0,"Hitboxes":[],"HurtboxCounter":2,"Hurtboxes":[{"ID":"hurtbox_0","cX":194.0,"cY":612.0,"h":1.6399999856948853,"iH":164.0,"iW":278.0,"iX":5.0,"iY":904.0,"oX":189.0,"oY":-292.0,"w":2.7799999713897705,"x":-2.559999942779541,"y":-4.360000133514404},{"ID":"hurtbox_1","cX":254.0,"cY":380.0,"h":2.299999952316284,"iH":230.0,"iW":229.0,"iX":65.0,"iY":672.0,"oX":189.0,"oY":-292.0,"w":2.2899999618530273,"x":-2.2049999237060547,"y":-2.369999885559082}],"Name":"Ryu-Heavy-Kick-Crouch-4.png"}
