{"HitboxCounter":0,"Hitboxes":[],"HurtboxCounter":2,"Hurtboxes":[{"ID":"hurtbox_0","cX":248.0,"cY":312.0,"h":2.9800000190734863,"iH":298.0,"iW":158.0,"iX":59.0,"iY":484.0,"oX":189.0,"oY":-172.0,"w":1.5800000429153442,"x":-2.619999885559082,"y":-0.8299999833106995},{"ID":"hurtbox_1","cX":266.0,"cY":41.0,"h":2.8399999141693115,"iH":284.0,"iW":185.0,"iX":77.0,"iY":213.0,"oX":189.0,"oY":-172.0,"w":1.850000023841858,"x":-2.305000066757202,"y":1.9500000476837158}],"Name":"Ryu-Tatsu-2.png"}
