{"HitboxCounter":1,"Hitboxes":[{"ID":"hitbox_0","cX":535.0,"cY":66.0,"h":2.5199999809265137,"iH":252.0,"iW":128.0,"iX":346.0,"iY":275.0,"oX":189.0,"oY":-209.0,"w":1.2799999713897705,"x":0.10000000149011612,"y":1.4900000095367432}],"HurtboxCounter":4,"Hurtboxes":[{"ID":"hurtbox_0","cX":463.0,"cY":413.0,"h":3.680000066757202,"iH":368.0,"iW":99.0,"iX":274.0,"iY":705.0,"oX":189.0,"oY":-292.0,"w":0.9900000095367432,"x":-0.7649999856948853,"y":-3.390000104904175},{"ID":"hurtbox_1","cX":228.0,"cY":413.0,"h":3.5799999237060547,"iH":358.0,"iW":249.0,"iX":39.0,"iY":705.0,"oX":189.0,"oY":-292.0,"w":2.490000009536743,"x":-2.365000009536743,"y":-3.3399999141693115},{"ID":"hurtbox_2","cX":375.0,"cY":228.0,"h":2.109999895095825,"iH":211.0,"iW":152.0,"iX":186.0,"iY":520.0,"oX":189.0,"oY":-292.0,"w":1.5199999809265137,"x":-1.3799999952316284,"y":-0.7549999952316284},{"ID":"hurtbox_3","cX":428.0,"cY":100.0,"h":2.200000047683716,"iH":220.0,"iW":133.0,"iX":239.0,"iY":392.0,"oX":189.0,"oY":-292.0,"w":1.3300000429153442,"x":-0.9449999928474426,"y":0.47999998927116394}],"Name":"Ryu-High-Punch-Walking-3.png"}
