{"HitboxCounter":1,"Hitboxes":[{"ID":"hitbox_0","cX":490.0,"cY":223.0,"h":0.8500000238418579,"iH":85.0,"iW":290.0,"iX":301.0,"iY":515.0,"oX":189.0,"oY":-292.0,"w":2.9000000953674316,"x":0.46000000834465027,"y":-0.07500000298023224}],"HurtboxCounter":3,"Hurtboxes":[{"ID":"hurtbox_0","cX":262.0,"cY":538.0,"h":2.359999895095825,"iH":236.0,"iW":163.0,"iX":73.0,"iY":830.0,"oX":189.0,"oY":-292.0,"w":1.6299999952316284,"x":-2.4549999237060547,"y":-3.9800000190734863},{"ID":"hurtbox_1","cX":353.0,"cY":446.0,"h":3.25,"iH":325.0,"iW":239.0,"iX":164.0,"iY":738.0,"oX":189.0,"oY":-292.0,"w":2.390000104904175,"x":-1.1649999618530273,"y":-3.505000114440918},{"ID":"hurtbox_2","cX":338.0,"cY":124.0,"h":3.490000009536743,"iH":349.0,"iW":192.0,"iX":149.0,"iY":416.0,"oX":189.0,"oY":-292.0,"w":1.9199999570846558,"x":-1.5499999523162842,"y":-0.4050000011920929}],"Name":"Ryu-Med-High-Punch-3.png"}
